Product names: ,Ratings: ,Prices: 
"
Harry Potter and the Chamber of Secrets (MinaLima Edition) (Illustrated edition) (2)
","4.9 out of 5 stars,Previous page,Next page,Previous page,4.9 out of 5 stars,4.9 out of 5 stars,4.9 out of 5 stars,4.9 out of 5 stars,4.9 out of 5 stars,4.8 out of 5 stars,Next page,Previous page,4.9 out of 5 stars,4.6 out of 5 stars,4.9 out of 5 stars,4.8 out of 5 stars,4.9 out of 5 stars,4.9 out of 5 stars,Next page,4.9 out of 5 stars,4.9 out of 5 stars,5.0 out of 5 stars,5.0 out of 5 stars,4.0 out of 5 stars,4.0 out of 5 stars,5.0 out of 5 stars,5.0 out of 5 stars,5.0 out of 5 stars,5.0 out of 5 stars,5.0 out of 5 stars,5.0 out of 5 stars,5.0 out of 5 stars,5.0 out of 5 stars,5.0 out of 5 stars,Previous page,Next page",
,"4.9 out of 5 stars,5.0 out of 5 stars,3.0 out of 5 stars,3.0 out of 5 stars,5.0 out of 5 stars,5.0 out of 5 stars,5.0 out of 5 stars,3.0 out of 5 stars,5.0 out of 5 stars,5.0 out of 5 stars,5.0 out of 5 stars,5.0 out of 5 stars,5.0 out of 5 stars,5.0 out of 5 stars",
,"Previous page,Next page,Previous page,Next page",
,"Previous page,Next page,Previous page,Next page",
,"Previous page,Next page,Previous page,Next page",
,"Previous page,Next page,Previous page,Next page",
,"Previous page,Next page,Previous page,Next page",
,"Previous page,Next page,Previous page,Next page",
,"Previous page,Next page,Previous page,Next page",
